{
    "pluginAlias": "SamsungTizen",
    "pluginType": "platform",
    "singular": true,
    "headerDisplay": "Please [read the Wiki](https://github.com/tavicu/homebridge-samsung-tizen/wiki/) of the plugin for more informations and instructions on how to configure it.",

    "schema": {
        "type": "object",
        "properties": {
            "name": {"type": "string"},
            "delay": {"type": "integer"},
            "method": {"type": "string"},
            "timeout": {"type": "integer"},

            "app_list": {
                "type": "boolean"
            },

            "refresh": {
                "type": "object",
                "properties": {
                    "main": {"type": ["integer", "boolean"]},
                    "switch": {"type": ["integer", "boolean"]}
                }
            },

            "inputs": {
                "type": "array",
                "items": {
                    "type": "object",
                    "properties": {
                        "type": {"type": "string"},
                        "name": {"type": "string"},
                        "value": {"type": "string"}
                    }
                }
            },

            "switches": {
                "type": "array",
                "items": {
                    "type": "object",
                    "properties": {
                        "name": {"type": "string"},
                        "power": {"type": "boolean"},
                        "app": {"type": "string"},
                        "sleep": {"type": "integer"},
                        "mute": {"type": "boolean"},
                        "channel": {"type": "integer"},
                        "command": {
                            "type": "array",
                            "items": {
                                "type": "string"
                            }
                        }
                    }
                }
            },

            "keys": {
                "type": "object",
                "properties": {
                    "ARROW_UP": {"type": "string"},
                    "ARROW_DOWN": {"type": "string"},
                    "ARROW_LEFT": {"type": "string"},
                    "ARROW_RIGHT": {"type": "string"},
                    "SELECT": {"type": "string"},
                    "BACK": {"type": "string"},
                    "PLAY_PAUSE": {"type": "string"},
                    "INFORMATION": {"type": "string"}
                }
            },

            "devices": {
                "type": "array",
                "items": {
                    "type": "object",
                    "properties": {
                        "wol": {"type": "object"},
                        "method": {"type": "string"},
                        "timeout": {"type": "integer"},

                        "name": {
                            "type": "string",
                            "required": true
                        },
                        "ip": {
                            "type": "string",
                            "format": "ipv4",
                            "required": true
                        },
                        "mac": {
                            "type": "string",
                            "required": true,
                            "pattern": "^([A-Fa-f0-9]{2}:){5}[A-Fa-f0-9]{2}$"
                        },
                        "uuid": {
                            "type": "string"
                        },
                        "delay": {
                            "type": "integer"
                        },
                        "options": {
                            "type": "array",
                            "items": {
                                "type": "string",
                                "enum": ["Frame.RealPowerMode", "Frame.ArtSwitch.Disable", "Frame.PowerSwitch.Disable"]
                            }
                        },
                        "refresh": {
                            "type": "object",
                            "properties": {
                                "main": {"type": ["integer", "boolean"]},
                                "switch": {"type": ["integer", "boolean"]}
                            }
                        },
                        "inputs": {
                            "type": "array",
                            "items": {
                                "type": "object",
                                "properties": {
                                    "type": {
                                        "type": "string",
                                        "default": "app",
                                        "enum": ["app", "command", "art"]
                                    },
                                    "name": {
                                        "type": "string"
                                    },
                                    "value": {
                                        "type": "string"
                                    }
                                },
                                "required": ["name", "type", "value"]
                            }
                        },
                        "switches": {
                            "type": "array",
                            "items": {
                                "type": "object",
                                "properties": {
                                    "name": {
                                        "type": "string",
                                        "required": true
                                    },
                                    "power": {
                                        "type": "boolean"
                                    },
                                    "app": {
                                        "type": "string"
                                    },
                                    "sleep": {
                                        "type": "integer"
                                    },
                                    "mute": {
                                        "type": "boolean"
                                    },
                                    "channel": {
                                        "type": "integer"
                                    },
                                    "command": {
                                        "type": "array",
                                        "items": {
                                            "type": "string"
                                        }
                                    }
                                }
                            }
                        },
                        "keys": {
                            "type": "object",
                            "properties": {
                                "ARROW_UP": {
                                    "type": "string"
                                },
                                "ARROW_DOWN": {
                                    "type": "string"
                                },
                                "ARROW_LEFT": {
                                    "type": "string"
                                },
                                "ARROW_RIGHT": {
                                    "type": "string"
                                },
                                "SELECT": {
                                    "type": "string"
                                },
                                "BACK": {
                                    "type": "string"
                                },
                                "PLAY_PAUSE": {
                                    "type": "string"
                                },
                                "INFORMATION": {
                                    "type": "string"
                                }
                            }
                        }
                    }
                }
            }
        }
    },

    "layout": [
        {
            "key": "app_list",
            "title": "List Applications List",
            "description": "Shows installed applications when you start Homebridge instance if TV supports it (Model year < 2020)."
        },
        {
            "type": "fieldset",
            "title": "Devices",
            "items": [
                {
                    "title": "Device",
                    "key": "devices",
                    "type": "array",
                    "notitle": true,
                    "items": [
                        {
                            "type": "div",
                            "items": [
                                {
                                    "key": "devices[].name",
                                    "title": "Device Name",
                                    "default": "Bedroom TV"
                                },
                                {
                                  "type": "help",
                                  "helpvalue": "<p class='help-block'>Make sure that your device have a static IP address. You can set it from your router admin interface!</p>"
                                },
                                {
                                    "type": "flex",
                                    "flex-flow": "row wrap",
                                    "items": [
                                        {
                                            "key": "devices[].ip",
                                            "title": "IP Address",
                                            "placeholder": "10.20.30.40"
                                        },
                                        {
                                            "key": "devices[].mac",
                                            "title": "MAC Address",
                                            "placeholder": "A0:B1:C2:D3:E4:F5"
                                        }
                                    ]
                                },
                                {
                                    "type": "fieldset",
                                    "title": "Advanced Configuration",
                                    "expandable": true,
                                    "expanded": false,
                                    "items": [
                                        {
                                            "type": "help",
                                            "helpvalue": "<p class='help-block'>Here you can add advanced options like <b>Inputs</b> and <b>Switches</b>. Make sure you read our <a href='https://github.com/tavicu/homebridge-samsung-tizen/wiki/Configuration' target='_blank'>Wiki Configuration page</a> where we explain in details every section.</p>"
                                        },
                                        {
                                            "key": "devices[].uuid",
                                            "title": "UUID",
                                            "placeholder": "A1",
                                            "description": "If you have problems adding the TV to Home app, set this field to a unique value. You can find more informations regarding this in the Wiki."
                                        },
                                        {
                                            "key": "devices[].delay",
                                            "title": "Command Delay Interval",
                                            "placeholder": "400",
                                            "description": "This is the delay between each command when you send multiple commands. By lowering the value you risk the commands not being executed. Value is in <b>miliseconds</b>."
                                        },
                                        {
                                            "key": "devices[].options",
                                            "title": "Options",
                                            "titleMap": {
                                                "Frame.RealPowerMode": "Display and control Real Power with Main Acccessory (for Frame TVs)",
                                                "Frame.ArtSwitch.Disable": "Disable Art Switch (for Frame TVs)",
                                                "Frame.PowerSwitch.Disable": "Disable Power Switch (for Frame TVs)"
                                            }
                                        },
                                        {
                                            "type": "section",
                                            "title": "Inputs",
                                            "expandable": true,
                                            "expanded": false,
                                            "items": [
                                                {
                                                    "type": "help",
                                                    "helpvalue": "<p class='help-block'>By default no inputs are set. Use this section to set your own inputs. You can find more informations on our <a href='https://github.com/tavicu/homebridge-samsung-tizen/wiki/Inputs' target='_blank'>Wiki Inputs page</a>.</p>",
                                                    "flex": "1 1 100%"
                                                },
                                                {
                                                    "type": "array",
                                                    "notitle": true,
                                                    "items": [
                                                        {
                                                            "title": "Input",
                                                            "type": "div",
                                                            "notitle": true,
                                                            "display": "flex",
                                                            "flex-direction": "row",
                                                            "items": [
                                                                {
                                                                    "key": "devices[].inputs[].type",
                                                                    "title": "Type",
                                                                    "titleMap": {
                                                                        "app": "Application",
                                                                        "command": "Command",
                                                                        "art": "Art Mode"
                                                                    }
                                                                },
                                                                {
                                                                    "key": "devices[].inputs[].name",
                                                                    "title": "Input Name",
                                                                    "placeholder": "Netflix"
                                                                },
                                                                {
                                                                    "key": "devices[].inputs[].value",
                                                                    "title": "Input Value",
                                                                    "placeholder": "11101200001",
                                                                    "condition": {
                                                                        "functionBody": "return model.devices[arrayIndices[0]].inputs[arrayIndices[1]].type !== 'art';"
                                                                    }
                                                                }
                                                            ]
                                                        }
                                                    ]
                                                }
                                            ]
                                        },
                                        {
                                            "type": "section",
                                            "title": "Switches",
                                            "expandable": true,
                                            "expanded": false,
                                            "items": [
                                                {
                                                    "type": "help",
                                                    "helpvalue": "<p class='help-block'>This section give you the option to create custom switches (separated accessories) that make specific actions. You can find more informations on our <a href='https://github.com/tavicu/homebridge-samsung-tizen/wiki/Switches' target='_blank'>Wiki Switches page</a>.</p>",
                                                    "flex": "1 1 100%"
                                                },
                                                {
                                                    "type": "array",
                                                    "notitle": true,
                                                    "items": [
                                                        {
                                                            "title": "Switch",
                                                            "type": "div",
                                                            "notitle": true,
                                                            "items": [
                                                                {
                                                                    "key": "devices[].switches[].name",
                                                                    "title": "Switch Name",
                                                                    "description": "Name for the switch. The device name will be appended."
                                                                },
                                                                {
                                                                    "key": "devices[].switches[].power",
                                                                    "title": "Power on the TV before running any action"
                                                                },
                                                                {
                                                                    "key": "devices[].switches[].mute",
                                                                    "title": "Send mute command to TV"
                                                                },
                                                                {
                                                                    "key": "devices[].switches[].app",
                                                                    "title": "Application ID",
                                                                    "description": "Set this if you want to open an application."
                                                                },
                                                                {
                                                                    "key": "devices[].switches[].sleep",
                                                                    "title": "Sleep timer",
                                                                    "description": "This option will turn off the TV after the set time has elapsed. Value is in <b>minutes</b>."
                                                                },
                                                                {
                                                                    "key": "devices[].switches[].channel",
                                                                    "title": "Channel Number",
                                                                    "description": "Switch the TV to a channel number. This will not work if you are not on Live TV wehn you trigger the switch!"
                                                                },
                                                                {
                                                                    "key": "devices[].switches[].command",
                                                                    "notitle": true,
                                                                    "items": [
                                                                        {
                                                                            "type": "string",
                                                                            "title": "Command",
                                                                            "description": "Send commands to TV. Multiple commands can be added together."
                                                                        }
                                                                    ]
                                                                }
                                                            ]
                                                        }
                                                    ]
                                                }
                                            ]
                                        },
                                        {
                                            "type": "section",
                                            "title": "Key Mapping",
                                            "expandable": true,
                                            "expanded": false,
                                            "display": "flex",
                                            "flex-flow": "row wrap",
                                            "items": [
                                                {
                                                    "type": "help",
                                                    "helpvalue": "<p class='help-block'>You don't have to edit this section unless you want to change the default commands for <b>Remote Control</b> buttons. You can find more informations on our <a href='https://github.com/tavicu/homebridge-samsung-tizen/wiki/Keys' target='_blank'>Wiki Keys page</a>.</p>",
                                                    "flex": "1 1 100%"
                                                },
                                                {
                                                    "key": "devices[].keys.ARROW_UP",
                                                    "title": "ARROW_UP",
                                                    "placeholder": "KEY_UP",
                                                    "flex": "1 1 25%"
                                                },
                                                {
                                                    "key": "devices[].keys.ARROW_DOWN",
                                                    "title": "ARROW_DOWN",
                                                    "placeholder": "KEY_DOWN",
                                                    "flex": "1 1 25%"
                                                },
                                                {
                                                    "key": "devices[].keys.ARROW_LEFT",
                                                    "title": "ARROW_LEFT",
                                                    "placeholder": "KEY_LEFT",
                                                    "flex": "1 1 25%"
                                                },
                                                {
                                                    "key": "devices[].keys.ARROW_RIGHT",
                                                    "title": "ARROW_RIGHT",
                                                    "placeholder": "KEY_RIGHT",
                                                    "flex": "1 1 25%"
                                                },
                                                {
                                                    "key": "devices[].keys.SELECT",
                                                    "title": "SELECT",
                                                    "placeholder": "KEY_ENTER",
                                                    "flex": "1 1 25%"
                                                },
                                                {
                                                    "key": "devices[].keys.BACK",
                                                    "title": "BACK",
                                                    "placeholder": "KEY_RETURN",
                                                    "flex": "1 1 25%"
                                                },
                                                {
                                                    "key": "devices[].keys.PLAY_PAUSE",
                                                    "title": "PLAY_PAUSE",
                                                    "placeholder": "KEY_PLAY_BACK",
                                                    "flex": "1 1 25%"
                                                },
                                                {
                                                    "key": "devices[].keys.INFORMATION",
                                                    "title": "INFORMATION",
                                                    "placeholder": "KEY_INFO",
                                                    "flex": "1 1 25%"
                                                }
                                            ]
                                        }
                                    ]
                                }
                            ]
                        }
                    ]
                }
            ]
        }
    ]
}