{
    "bridge": {
        "name": "Homebridge",
        "username": "CC:22:3D:E3:CE:30",
        "port": 51826,
        "pin": "031-45-154"
    },

    "description": "This is an example configuration file.",

    "accessories": [
    ],

    "platforms": [
        {
            "platform": "SamsungTizen",
            "app_list": false,
            "devices": [
                {
                    "name": "Bedroom TV",
                    "ip": "10.20.30.40",
                    "mac": "A0:B1:C2:D3:E4:F5",
                    "switches": [
                        {"name": "Mute",      "mute": true},
                        {"name": "Sleep",     "sleep": 60},
                        {"name": "Channel",   "channel": 13},
                        {"name": "Command 1", "command": "KEY_VOLUP"},
                        {"name": "Command 2", "command": "KEY_VOLUP*5"},
                        {"name": "Command 3", "command": ["KEY_VOLUP", "KEY_VOLDOWN"]},
                        {"name": "Command 4", "command": ["KEY_VOLUP*5", "KEY_VOLDOWN*3"]},
                        {"name": "All", "sleep": 60, "mute": true, "command": ["KEY_VOLUP", "KEY_VOLDOWN"], "channel": 13}
                    ],
                    "inputs": [
                        {
                            "name": "Netflix",
                            "type": "app",
                            "value": "11101200001"
                        },
                        {
                            "name": "VUDU",
                            "type": "app",
                            "value": "111012010001"
                        },
                        {
                            "name": "YouTube",
                            "type": "app",
                            "value": "111299001912"
                        }
                    ]
                }
            ]
        }
    ]
}